Id;Label
0;192.168.0.1 
1;181.221.102.1
2;186.223.128.12
3;201.45.35.33
4;200.244.214.159
5;200.244.211.29
6;200.244.75.11 
7;200.244.18.4
8;201.39.52.58
9;108.170.251.66 
10;172.253.71.96
11;209.85.249.51 
12;209.85.143.134 
13;216.239.51.228 
14;74.125.253.191
15;108.170.243.1 
16;108.170.237.105
17;216.58.194.206
18;187.28.113.1
19;200.244.213.23
20;200.244.74.5 
22;200.244.18.0
24;108.170.251.67 
25;172.253.71.98 
26;209.85.243.160 
27;72.14.237.135
28;72.14.239.62 
29;74.125.253.150
31;108.170.236.63 
32;172.217.5.110
33;187.28.14.17
34;200.244.212.93
35;200.230.251.118
36;200.244.18.16
37;200.244.18.15
38;200.230.220.38
39;4.30.176.45
40;4.69.209.181
41;4.53.210.78 
42;157.240.46.106
43;157.240.48.47
44;173.252.67.165 
45;157.240.22.35
48;200.244.74.131 
52;108.170.251.83 
57;66.249.94.28 
58;108.170.242.241
59;209.85.251.9 
60;172.217.0.35
65;200.244.18.10
66;189.3.83.86
67;186.192.90.5
71;200.244.212.97
72;200.244.211.235
73;200.230.251.2
74;200.244.216.122
75;200.211.219.210
76;186.234.26.49 
77;186.234.29.38
78;200.147.26.30
79;200.147.35.149
83;200.230.243.44
84;200.230.243.53
85;200.211.219.102
86;50.97.19.215
87;50.97.19.221
88;50.97.17.40
89;169.45.18.188
90;169.45.18.184
91;[169.53.16.185
92;208.43.118.213
93;108.168.255.227
96;200.230.220.14
97;200.230.252.201
98;66.110.72.89
99;63.243.152.61
100;66.198.154.177
101;216.6.87.1
102;216.6.87.43
103;216.6.57.5
104;80.231.130.25
105;80.231.131.1
106;80.231.131.161
107;80.231.152.26
108;195.219.150.110
111;200.230.220.26
113;66.110.72.6
114;66.110.56.5
115;64.86.79.120
116;207.45.206.0
117;64.86.123.92
118;64.86.123.207 
119;205.251.225.159
120;205.251.225.93
121;13.224.13.127
125;200.244.18.6
128;172.253.71.92 
129;209.85.240.16
130;72.14.233.83 
131;72.14.237.214 
134;209.85.252.251
135;172.217.164.110
139;200.244.18.80
140;104.44.14.59
141;191.234.84.39
142;204.79.197.212
146;200.230.230.48
147;52.95.218.206 
148;54.240.229.173
149;34.236.163.22
156;66.110.57.21
157;64.86.197.113 
159;200.244.213.25
160;200.244.74.11 
161;200.244.75.9 
162;200.244.18.20
163;200.211.219.106
164;67.16.176.34
165;204.245.36.246 
166;104.244.42.1
168;200.244.214.161
169;200.230.251.234
173;64.125.13.196 
174;64.125.26.34
175;64.125.29.53
176;64.125.28.144
177;64.125.30.231
178;64.125.24.186
179;64.125.25.62
180;209.133.4.58
181;198.35.26.96
183;200.244.214.163
184;200.244.213.146
187;200.230.242.52
188;200.211.219.202
189;216.115.101.252
190;216.115.101.196
191;216.115.96.2
192;184.165.16.14
193;216.115.101.135
194;74.6.227.155
195;74.6.227.63
196;74.6.122.37
197;98.139.128.75
198;72.30.35.9
201;200.244.213.17
203;4.59.13.33
204;4.69.216.226
205;4.35.73.82
206;78.143.247.18
207;78.143.247.31
208;5.226.176.16
210;2244214163
214;72.21.221.208
227;205.251.225.73
228;205.251.225.45
229;99.86.33.117
234;200.244.18.62
236;108.170.251.65
237;108.170.229.85
238;67.199.248.10
240;200.244.214.211
241;200.230.251.186
243;200.230.252.202
244;192.99.146.104
245;142.44.208.189
246;198.27.73.202
247;198.27.73.204
248;66.70.179.46
251;200.244.211.255
267;200.244.74.123
269;200.244.18.22
271;104.44.33.65
272;104.44.17.185
273;104.44.7.177
274;104.44.19.5
275;104.44.21.222
281;200.230.242.4
282;200.211.219.94
283;192.0.78.12
288;200.230.158.29
289;200.230.130.22
290;200.208.242.38
291;151.101.0.84
297;200.244.216.126
300;200.147.26.38
301;200.147.100.48
306;209.120.131.129
307;69.174.10.138
308;66.254.114.41
316;172.253.71.94
317;209.85.249.45
318;72.14.239.158
319;209.85.248.126
320;72.14.237.161
321;8170242225
322;108.170.236.61
323;172.217.5.97
328;200.244.18.58
329;201.73.3.186
330;104.17.33.24
334;200.244.75.1
335;200.244.211.252
336;200.244.24.9
337;200.230.220.78
343;200.211.219.42
344;4.69.214.246
345;8.243.152.22
346;191.96.3.20
347;191.101.62.43
348;181.41.210.120
351;200.230.251.230
352;200.230.230.82
353;198.32.160.170
354;165.227.105.133
364;200.147.26.34
365;200.147.36.81
369;200.230.230.80
370;200.230.252.197
371;206.126.236.219
372;209.200.144.192
373;209.200.144.197
374;98.142.233.33
375;208.84.244.116
384;104.44.7.77
385;104.44.16.180
386;104.44.16.163
387;104.44.19.253
388;104.44.18.150
389;104.44.18.225
390;104.44.21.148
397;104.16.202.237
400;100.244.74.131
401;100.244.75.11
403;200.230.243.78
404;189.17.185.10
405;104.31.73.220
413;151.101.66.167
418;200.244.18.8
420;104.16.142.108 
424;200.230.230.50
425;200.230.220.237
427;4.69.140.153
428;4.16.83.218 
429;205.251.229.105
430;13.227.74.57
437;104.26.14.198 
444;186.192.81.152
447;200.230.220.241
449;4.53.116.150
450;108.174.10.10
451;186.223.128.1
452;200.219.147.2
453;10.148.77.234
454;187.32.85.234
455;100.126.2.238
456;100.126.2.186 
457;170.84.32.5
458;100.126.0.134 
459;170.84.32.209
460;100.126.1.53 
463;200.244.74.9 
466;200.230.242.210
467;200.211.219.250
468;187.100.42.162
477;64.86.79.2
478;64.86.21.104
479;63.243.205.1
480;63.243.205.166
481;198.11.128.13 
486;200.230.220.58 
494;170.84.35.85 
495;170.84.34.54
496;10.10.0.10 
497;177.54.157.200
